{"MAC004387":"block_0.csv","MAC003212":"block_1.csv","MAC001271":"block_1.csv","MAC002249":"block_1.csv","MAC001710":"block_1.csv","MAC000103":"block_2.csv","MAC000464":"block_2.csv","MAC003851":"block_0.csv","MAC003579":"block_0.csv","MAC004789":"block_2.csv","MAC003613":"block_0.csv","MAC000902":"block_1.csv","MAC003856":"block_0.csv","MAC001836":"block_2.csv","MAC003737":"block_0.csv","MAC002924":"block_1.csv","MAC003680":"block_0.csv","MAC004374":"block_2.csv","MAC003286":"block_2.csv","MAC003166":"block_1.csv","MAC003683":"block_2.csv","MAC000450":"block_0.csv","MAC002199":"block_2.csv","MAC003281":"block_0.csv","MAC005062":"block_2.csv","MAC003606":"block_2.csv","MAC000974":"block_1.csv","MAC000850":"block_1.csv","MAC001145":"block_1.csv","MAC002113":"block_2.csv","MAC003686":"block_0.csv","MAC003840":"block_1.csv","MAC004258":"block_2.csv","MAC003566":"block_0.csv","MAC005468":"block_2.csv","MAC003844":"block_0.csv","MAC003449":"block_0.csv","MAC000339":"block_2.csv","MAC003196":"block_2.csv","MAC003110":"block_1.csv","MAC003474":"block_2.csv","MAC003597":"block_0.csv","MAC005492":"block_0.csv","MAC002260":"block_2.csv","MAC003072":"block_1.csv","MAC001734":"block_1.csv","MAC000886":"block_1.csv","MAC000487":"block_2.csv","MAC000246":"block_0.csv","MAC000002":"block_0.csv","MAC002025":"block_1.csv","MAC003874":"block_0.csv","MAC003634":"block_2.csv","MAC003239":"block_0.csv","MAC000768":"block_1.csv","MAC001736":"block_2.csv","MAC004034":"block_0.csv","MAC003463":"block_0.csv","MAC004431":"block_0.csv","MAC003223":"block_0.csv","MAC003740":"block_0.csv","MAC004554":"block_2.csv","MAC000593":"block_2.csv","MAC002134":"block_2.csv","MAC000110":"block_2.csv","MAC003182":"block_1.csv","MAC002813":"block_1.csv","MAC001843":"block_1.csv","MAC001689":"block_1.csv","MAC000112":"block_2.csv","MAC003863":"block_0.csv","MAC005523":"block_2.csv","MAC004436":"block_2.csv","MAC003348":"block_0.csv","MAC004713":"block_2.csv","MAC002937":"block_1.csv","MAC005406":"block_2.csv","MAC004319":"block_0.csv","MAC003252":"block_0.csv","MAC002563":"block_1.csv","MAC002562":"block_1.csv","MAC001074":"block_0.csv","MAC001239":"block_1.csv","MAC003817":"block_0.csv","MAC002601":"block_1.csv","MAC001510":"block_1.csv","MAC000386":"block_1.csv","MAC003257":"block_2.csv","MAC003895":"block_2.csv","MAC003775":"block_0.csv","MAC000948":"block_1.csv","MAC003656":"block_0.csv","MAC003536":"block_2.csv","MAC004900":"block_2.csv","MAC004988":"block_2.csv","MAC003482":"block_0.csv","MAC004054":"block_2.csv","MAC005421":"block_2.csv","MAC004179":"block_0.csv","MAC002552":"block_2.csv","MAC002150":"block_1.csv","MAC000535":"block_1.csv","MAC003805":"block_0.csv","MAC000778":"block_1.csv","MAC000379":"block_1.csv","MAC003807":"block_2.csv","MAC002314":"block_1.csv","MAC003400":"block_0.csv","MAC000816":"block_1.csv","MAC003646":"block_0.csv","MAC001628":"block_1.csv","MAC002959":"block_2.csv","MAC001989":"block_1.csv","MAC003394":"block_0.csv","MAC003553":"block_0.csv","MAC002068":"block_1.csv","MAC001251":"block_1.csv","MAC000040":"block_2.csv","MAC000569":"block_1.csv","MAC003718":"block_0.csv","MAC003719":"block_0.csv","MAC001776":"block_1.csv","MAC001533":"block_1.csv","MAC000323":"block_1.csv","MAC001653":"block_2.csv","MAC001893":"block_1.csv","MAC004247":"block_0.csv","MAC000609":"block_2.csv","MAC001819":"block_2.csv","MAC003557":"block_0.csv","MAC002628":"block_1.csv","MAC004529":"block_1.csv","MAC005042":"block_2.csv","MAC004872":"block_2.csv","MAC003388":"block_0.csv","MAC000030":"block_2.csv","MAC005160":"block_2.csv","MAC005283":"block_2.csv","MAC000557":"block_1.csv","MAC003826":"block_0.csv","MAC002613":"block_1.csv","MAC000797":"block_2.csv","MAC003422":"block_0.csv","MAC003423":"block_0.csv","MAC004997":"block_2.csv","MAC003668":"block_0.csv","MAC003305":"block_0.csv","MAC003428":"block_0.csv","MAC000713":"block_1.csv","MAC001528":"block_1.csv"}