{"networkSettings":{"ID":1,"AutoAcquireIPAddress":true,"AutoAcquireDNSAddress":true,"IPAddress":"MySystem","ConfigurationVerifie":false,"UseProxyServer":true,"ProxyPortNumber":"9999"},"deviceInformations":{"ID":1,"MachineType":2,"MachineFamily":2,"SerialNumber":"EL-0426","MachineNumber":"37","MachineModelNumber":"APDS104"},"UCPInformations":{"ID":1,"UCPSerialNo":"00007","UCPVersion":"2.0","AccountNo":"08967863AC"},"deviceConfigurations":{"ID":1,"TemperatureUnit":2,"PressureUnit":3,"VolumeUnit":0,"ConductivityUnit":1,"AirflowUnit":0,"ConsoleBusPort":"COM2","IOBusPort":"COM4","MachineIPAddress":"null","MachinePortNumber":"null","DateFormat":"null"}}
